Name,Phone Number,Course Name
Sneha Gupta,9886190699,BPSC TRE 2
Simran Das,9167565016,BPSC TRE 2
Simran Kulkarni,7755563148,BPSC TRE 2
Pooja Gupta,9277601755,BPSC TRE 2
Simran Iyer,9683720394,BPSC TRE 2
Pooja Singh,8789555258,BPSC TRE 2
Arjun Choudhary,6328493079,BPSC TRE 2
Amit Joshi,8342808877,BPSC TRE 2
Meera Yadav,8595731401,BPSC TRE 2
Vikas Joshi,6204599676,BPSC TRE 2
Anjali Choudhary,8165809807,BPSC TRE 2
Sanjay Kumar,8618954418,BPSC TRE 2
Arjun Patel,8358587969,BPSC TRE 2
Rahul Iyer,8940183875,BPSC TRE 2
Karan Gupta,7445867983,BPSC TRE 2
Priya Reddy,8957535257,BPSC TRE 2
Simran Kulkarni,8227786243,BPSC TRE 2
Shreya Mishra,7407147120,BPSC TRE 2
Rohit Sharma,8165355561,BPSC TRE 2
Arjun Gupta,9199931307,BPSC TRE 2
Kavita Gupta,7275336509,BPSC TRE 2
Aditya Joshi,7056215591,BPSC TRE 2
Aditya Choudhary,9266085320,BPSC TRE 2
Amit Kulkarni,8501652167,BPSC TRE 2
Rohit Yadav,7348293882,BPSC TRE 2
Sanjay Kulkarni,9268028263,BPSC TRE 2
Meera Reddy,8648670672,BPSC TRE 2
Kavita Kumar,8302776924,BPSC TRE 2
Aditya Yadav,7223977057,BPSC TRE 2
Anjali Yadav,9268799962,BPSC TRE 2
Meera Iyer,8260737431,BPSC TRE 2
Rahul Yadav,6615559778,BPSC TRE 2
Rahul Singh,8514821268,BPSC TRE 2
Aditya Patel,8948268320,BPSC TRE 2
Anjali Pandey,6451096248,BPSC TRE 2
Pooja Kulkarni,6486593329,BPSC TRE 2
Pooja Kulkarni,6947371561,BPSC TRE 2
Karan Pandey,7282595625,BPSC TRE 2
Meera Gupta,9665062515,BPSC TRE 2
Deepak Sharma,7917110898,BPSC TRE 2
Aditya Iyer,6761423142,BPSC TRE 2
Shreya Reddy,7581570712,BPSC TRE 2
Anjali Singh,9208215350,BPSC TRE 2
Nikhil Das,8019270402,BPSC TRE 2
Deepak Singh,7453321460,BPSC TRE 2
Rahul Verma,6046388223,BPSC TRE 2
Priya Kulkarni,9746249262,BPSC TRE 2
Pooja Kulkarni,6659152578,BPSC TRE 2
Kavita Pandey,6144019441,BPSC TRE 2
Rahul Singh,8836477138,BPSC TRE 2
