Business Name,City,Rating,Reviews Count,Phone Number,Email,Website,Full Address,Google Maps Link
GaYa nEt THE QUICK FIX CYBER CAFE,Gaya,4.7,,917631886663,,Not Available,"Police Line Rd, Gewalbigha, Gaya, Bihar 823001, India",https://www.google.com/maps/place/GaYa+nEt+THE+QUICK+FIX+CYBER+CAFE/data=!4m7!3m6!1s0x39f32b92693c9999:0xc91cf180d6261ac!8m2!3d24.782423!4d84.9989583!16s%2Fg%2F11lg2zz4nx!19sChIJmZk8aZIr8zkRrGFiDRjPkQw?authuser=0&hl=en&rclk=1
Kumar Cyber Cafe,Gaya,4.9,,+91 95344 02801,,Not Available,"Road No. 1, Ram Nagar Colony, Gaya, Bihar 823001, India",https://www.google.com/maps/place/Kumar+Cyber+Cafe/data=!4m7!3m6!1s0x39f32afa32879673:0xb6563b43f167169f!8m2!3d24.7818009!4d84.9758275!16s%2Fg%2F11hcy_bj36!19sChIJc5aHMvoq8zkRnxZn8UM7VrY?authuser=0&hl=en&rclk=1
City Cyber Cafe,Gaya,4.9,,+91 70791 17639,,http://citycyber.governmentjobaii.com/,"Mangla Gauri, Chand Chaura, Gaya, Bihar 823001, India",https://www.google.com/maps/place/City+Cyber+Cafe/data=!4m7!3m6!1s0x39f32b3eb0e84d5d:0x70e57aa4dc30cc6e!8m2!3d24.7763021!4d85.0040068!16s%2Fg%2F11x8g87d3q!19sChIJXU3osD4r8zkRbsww3KR65XA?authuser=0&hl=en&rclk=1
PANKAJ CYBER CAFE & TIN PAN CENTRE,Gaya,4.8,,+91 85079 34105,,Not Available,"MOH- DHANIYA BAGICHA DELHA GAYA PO-R S GAYA, PS, Delha, Bihar 823002, India",https://www.google.com/maps/place/PANKAJ+CYBER+CAFE+%26+TIN+PAN+CENTRE/data=!4m7!3m6!1s0x39f32bf2560b3dbf:0x5b3b9576c983c485!8m2!3d24.8055582!4d84.9863592!16s%2Fg%2F11hp1s6f6y!19sChIJvz0LVvIr8zkRhcSDyXaVO1s?authuser=0&hl=en&rclk=1
SOLUTIONS HUB,Gaya,4.8,,+91 73019 60834,,Not Available,"06, beside Main Road, Old Kareem Ganj, NEW KARIMGANJ, Kareem Ganj, Gaya, Bihar 823001, India",https://www.google.com/maps/place/SOLUTIONS+HUB/data=!4m7!3m6!1s0x39f32bf243c40807:0xe02755f53cf1f4ba!8m2!3d24.7951843!4d84.9870155!16s%2Fg%2F11lrymnf6w!19sChIJBwjEQ_Ir8zkRuvTxPPVVJ-A?authuser=0&hl=en&rclk=1
Siya Cyber Park,Gaya,4.0,,+91 90972 51596,,Not Available,"Road No. 5, New Colony, Bhaluahi, Kharkhura, Gaya, Bihar 823002, India",https://www.google.com/maps/place/Siya+Cyber+Park/data=!4m7!3m6!1s0x39f32a6f1d079fc1:0xaf7f5d2219cd2830!8m2!3d24.8049895!4d84.9946616!16s%2Fg%2F11d_7t2rj9!19sChIJwZ8HHW8q8zkRMCjNGSJdf68?authuser=0&hl=en&rclk=1
GAYA JI CYBER CAFE,Gaya,5.0,,Not Available,,https://www.instagram.com/gayaji_cybercafe?igsh=MTcyOGVjbmowZGhsdg==,"1st floor, Gaya college, Infront of Cyber Thana, Mohan Nagar, Gewalbigha, Gaya, Bihar 823001, India",https://www.google.com/maps/place/GAYA+JI+CYBER+CAFE/data=!4m7!3m6!1s0x39f32b1759d39439:0x6e07bde26a1505ae!8m2!3d24.7811155!4d84.9844887!16s%2Fg%2F11yprbdsp4!19sChIJOZTTWRcr8zkRrgUVauK9B24?authuser=0&hl=en&rclk=1
SHIVA CYBER CAFE,Gaya,5.0,,+91 88779 54622,,https://www.youtube.com/@shivaCybercafe02,"MAA SHARDA COMPLEX, Dandibag Main Rd, Ghughari Tand, Gaya, Bihar 823001, India",https://www.google.com/maps/place/SHIVA+CYBER+CAFE/data=!4m7!3m6!1s0x39f32b45a2f3fbbf:0x9d626510b93eb1b6!8m2!3d24.7706909!4d85.0071605!16s%2Fg%2F11y1c2zfmh!19sChIJv_vzokUr8zkRtrE-uRBlYp0?authuser=0&hl=en&rclk=1
Digital Seva Kendra,Gaya,5.0,,+91 80841 80991,,Not Available,"Dighi Tank, near Shri Sai Mandir, Jaiprakash Nagar, Gaya, Bihar 823001, India",https://www.google.com/maps/place/Digital+Seva+Kendra/data=!4m7!3m6!1s0x39f32b18b4182f67:0xcff38b10191824f1!8m2!3d24.7892876!4d85.0038124!16s%2Fg%2F11y0xry1_j!19sChIJZy8YtBgr8zkR8SQYGRCL888?authuser=0&hl=en&rclk=1
One Click Internet Solution,Gaya,4.5,,+91 99390 67951,,Not Available,"AN Road, Murarpur, Gaya, Bihar 823001, India",https://www.google.com/maps/place/One+Click+Internet+Solution/data=!4m7!3m6!1s0x39f32b6f4e9254d9:0xcebcf011769de675!8m2!3d24.8001569!4d85.0078973!16s%2Fg%2F11wc4d60z5!19sChIJ2VSSTm8r8zkRdeaddhHwvM4?authuser=0&hl=en&rclk=1
Maa Mangla Cyber Cafe,Gaya,5.0,,+91 72820 06192,,Not Available,"Dr K K Nirala, Vijay Bigha, Barki, Delha, Gaya, Bihar 823002, India",https://www.google.com/maps/place/Maa+Mangla+Cyber+Cafe/data=!4m7!3m6!1s0x39f32bfd3ba1cfd1:0xa9f1bfa5122cafcc!8m2!3d24.8039937!4d84.9881389!16s%2Fg%2F11wqs5dvg0!19sChIJ0c-hO_0r8zkRzK8sEqW_8ak?authuser=0&hl=en&rclk=1
Icon Cyber,Gaya,4.3,,Not Available,,Not Available,"Mukund Market, Katari Hill Rd, near Kaveri sweets, Old Kareem Ganj, Kareem Ganj, Gaya, Bihar 823001, India",https://www.google.com/maps/place/Icon+Cyber/data=!4m7!3m6!1s0x39f32a5fa4f8a583:0xc5d8a8eb171f87bf!8m2!3d24.7941172!4d84.9836658!16s%2Fg%2F11dxs42d3l!19sChIJg6X4pF8q8zkRv4cfF-uo2MU?authuser=0&hl=en&rclk=1
Pappu Cyber Cafe,Gaya,5.0,,+91 80517 13333,,Not Available,"Room No 11, Bar Association, Civil Civil Court, Enayat Colony, Gaya, Bihar 823001, India",https://www.google.com/maps/place/Pappu+Cyber+Cafe/data=!4m7!3m6!1s0x39f32b06becb3fa1:0x40ecd8fca9746250!8m2!3d24.7919226!4d85.0044977!16s%2Fg%2F11ybdx5vxy!19sChIJoT_LvgYr8zkRUGJ0qfzY7EA?authuser=0&hl=en&rclk=1
Pintu internet cyber cafe,Gaya,3.7,,+91 77392 59640,,Not Available,"QXPM+8VQ, A P Colony, Gaya, Bihar 823001, India",https://www.google.com/maps/place/Pintu+internet+cyber+cafe/data=!4m7!3m6!1s0x39f32a59ceab0e57:0x76a5eb7160f02a84!8m2!3d24.7858333!4d84.9847222!16s%2Fg%2F11byxg462j!19sChIJVw6rzlkq8zkRhCrwYHHrpXY?authuser=0&hl=en&rclk=1
Internet Zone Cyber Cafe,Gaya,3.9,,+91 84092 42091,,Not Available,"Asha Singh More, A P Colony, Gaya, Bihar 823001, India",https://www.google.com/maps/place/Internet+Zone+Cyber+Cafe/data=!4m7!3m6!1s0x39f32a59012f24d9:0x28e38c74530b42e1!8m2!3d24.7880401!4d84.9846966!16s%2Fg%2F11dymv65lz!19sChIJ2SQvAVkq8zkR4UILU3SM4yg?authuser=0&hl=en&rclk=1
Digital Internet Zone,Gaya,4.2,,+91 98525 82189,,Not Available,"Near Urdu Middle School, Road No.-2 , Old Kareemganj, Gaya, Bihar 823001, India",https://www.google.com/maps/place/Digital+Internet+Zone/data=!4m7!3m6!1s0x39f32a42bff12371:0xd5d5e194e3b3f6f7!8m2!3d24.7956668!4d84.9930922!16s%2Fg%2F11ddwzy_x9!19sChIJcSPxv0Iq8zkR9_az45Th1dU?authuser=0&hl=en&rclk=1
"Shubham Computer, Gaya",Gaya,4.2,,+91 98012 67665,,Not Available,"Rajendra Path Rd, Near Shri Hanuman Mandir, Ambedakar Nagar, Tel Bigha, Gaya, Bihar 823002, India","https://www.google.com/maps/place/Shubham+Computer,+Gaya/data=!4m7!3m6!1s0x39f32a13769c7377:0x5d101fe385607ee1!8m2!3d24.8045185!4d85.0051225!16s%2Fg%2F11cp78cd4w!19sChIJd3OcdhMq8zkR4X5gheMfEF0?authuser=0&hl=en&rclk=1"
Ansh Cyber Cafe,Gaya,5.0,,Not Available,,Not Available,"QX9X+PVG, Maranpur, Naili, Gaya, Bihar 823001, India",https://www.google.com/maps/place/Ansh+Cyber+Cafe/data=!4m7!3m6!1s0x39f32b005dbd82d9:0xecd0d58a3fcbab86!8m2!3d24.7693255!4d84.9996532!16s%2Fg%2F11mkgz6bn3!19sChIJ2YK9XQAr8zkRhqvLP4rV0Ow?authuser=0&hl=en&rclk=1
SUNNY CYBER CAFE (BABA),Gaya,4.5,,+91 99736 54209,,Not Available,"Chotki Delha, Tekari Rd, opp. HAPPY SWEETS, Gaya, Bihar 823002, India",https://www.google.com/maps/place/SUNNY+CYBER+CAFE+%28BABA%29/data=!4m7!3m6!1s0x39f32b089ff58935:0x40faccd913f2e841!8m2!3d24.8014263!4d84.9932495!16s%2Fg%2F11smtwt4gv!19sChIJNYn1nwgr8zkRQejyE9nM-kA?authuser=0&hl=en&rclk=1
Kumar Cyber Cafe,Gaya,4.3,,+91 92342 95485,,Not Available,"GAYA COLLEGE MORE BESIDES GOPAL HOTEL RAMPUR, Gaya, Bihar 823001, India",https://www.google.com/maps/place/Kumar+Cyber+Cafe/data=!4m7!3m6!1s0x39f32a56f63add25:0xdb6494c5a7686dad!8m2!3d24.7813266!4d84.9842507!16s%2Fg%2F11cnrdp003!19sChIJJd069lYq8zkRrW1op8WUZNs?authuser=0&hl=en&rclk=1
Cyber Hub,Gaya,5.0,,Not Available,,https://cyber-hub-gaya.vercel.app/,"Front of GBM College, near Civil Lines, Durga Bari, Gaya, Bihar 823001, India",https://www.google.com/maps/place/Cyber+Hub/data=!4m7!3m6!1s0x39f32bb9ad7998cf:0xd8632e1ab380226c!8m2!3d24.7911552!4d85.0009929!16s%2Fg%2F11n3c22kvw!19sChIJz5h5rbkr8zkRbCKAsxouY9g?authuser=0&hl=en&rclk=1
Vishal Cyber World (Tour & Travels),Gaya,3.7,,+91 90061 69000,,Not Available,"In Front Of Sanni Temple, Station Road, Gaya, Bihar 823001, India",https://www.google.com/maps/place/Vishal+Cyber+World+%28Tour+%26+Travels%29/data=!4m7!3m6!1s0x39f32a6afe6d7513:0x97c55f9262b46181!8m2!3d24.7998636!4d85.0002912!16s%2Fg%2F11c5t29kz6!19sChIJE3Vt_moq8zkRgWG0YpJfxZc?authuser=0&hl=en&rclk=1
INTERNET POINT THE CYBER CAFE,Gaya,4.1,,+91 87575 24222,,Not Available,"Under, Mirza Ghalib College, beside Of UCO Bank, White House Compound, Judges Colony, Gaya, Bihar 823001, India",https://www.google.com/maps/place/INTERNET+POINT+THE+CYBER+CAFE/data=!4m7!3m6!1s0x39f32b2341dd8d89:0x4d021ea1c8c6db51!8m2!3d24.7906101!4d84.9933963!16s%2Fg%2F11rdb792cp!19sChIJiY3dQSMr8zkRUdvGyKEeAk0?authuser=0&hl=en&rclk=1
SMART CYBER CAFE,Gaya,5.0,,+91 77393 22324,,Not Available,"MANDRAJ BIGHA CHHOTKI, Delha, Gaya, Bihar 823002, India",https://www.google.com/maps/place/SMART+CYBER+CAFE/data=!4m7!3m6!1s0x39f32b824410af65:0xd32c9932ee21d4a6!8m2!3d24.8006078!4d84.9970901!16s%2Fg%2F11vb_s2f_b!19sChIJZa8QRIIr8zkRptQh7jKZLNM?authuser=0&hl=en&rclk=1
Keshav Cyber Cafe,Gaya,5.0,,+91 96504 04967,,https://business.google.com/posts/l/12397686737288160560,"25, Ramsagar Rd, Ramna, Gaya, Bihar 823001, India",https://www.google.com/maps/place/Keshav+Cyber+Cafe/data=!4m7!3m6!1s0x39f32be1909e9865:0xa70274b60cdeaf1f!8m2!3d24.7881806!4d85.0064154!16s%2Fg%2F11t6j1xwhr!19sChIJZZiekOEr8zkRH6_eDLZ0Aqc?authuser=0&hl=en&rclk=1
RAJ CYBER CAFE,Gaya,5.0,,+91 75448 76576,,Not Available,"Ghughari Tand, Gaya, Bihar 823001, India",https://www.google.com/maps/place/RAJ+CYBER+CAFE/data=!4m7!3m6!1s0x39f32b8fdca8381d:0x1fbffd9e06580b1e!8m2!3d24.7706898!4d85.0083415!16s%2Fg%2F11rwqv3mbz!19sChIJHTio3I8r8zkRHgtYBp79vx8?authuser=0&hl=en&rclk=1
10zone internet world,Gaya,4.6,,Not Available,,Not Available,"krishnapuri, Katari Hill, Gaya, Bihar 823001, India",https://www.google.com/maps/place/10zone+internet+world/data=!4m7!3m6!1s0x39f32bea768eb2fb:0xa07600074444a6a5!8m2!3d24.7951488!4d84.9777819!16s%2Fg%2F11fl7vwvy_!19sChIJ-7KOduor8zkRpaZERAcAdqA?authuser=0&hl=en&rclk=1
SMS SANVI MAGADHI STUDIO & CAFE,Gaya,5.0,,+91 83759 72003,,https://ruconnect.in/,"MAGADH SWEETS, CHANDAUTI MORE, Rd Number 7, near MAHAVIR MANDIR, Gaya, Bihar 823001, India",https://www.google.com/maps/place/SMS+SANVI+MAGADHI+STUDIO+%26+CAFE/data=!4m7!3m6!1s0x39f32b173bbf2583:0x9ad17e3fdf68ce2b!8m2!3d24.7759712!4d84.9717208!16s%2Fg%2F11w9h5bjqs!19sChIJgyW_Oxcr8zkRK85o3z9-0Zo?authuser=0&hl=en&rclk=1
Nextgen Cyber Zone,Gaya,5.0,,Not Available,,Not Available,"QXHG+Q6R, Shastri Nagar, Gaya, Bihar 823001, India",https://www.google.com/maps/place/Nextgen+Cyber+Zone/data=!4m7!3m6!1s0x39f32b4367b4c06d:0x5432c42b5497c4d2!8m2!3d24.7794923!4d84.9755359!16s%2Fg%2F11l6g239ng!19sChIJbcC0Z0Mr8zkR0sSXVCvEMlQ?authuser=0&hl=en&rclk=1
aryan cyber cafe maranpur,Gaya,3.7,,+91 73669 25505,,Not Available,"Maranpur, Gaya, Bihar 823001, India",https://www.google.com/maps/place/aryan+cyber+cafe+maranpur/data=!4m7!3m6!1s0x39f32b6f8595ba8b:0x1d7b46077402e953!8m2!3d24.7736931!4d85.0031429!16s%2Fg%2F11fkpshz04!19sChIJi7qVhW8r8zkRU-kCdAdGex0?authuser=0&hl=en&rclk=1
Perfect Cyber Cafe,Gaya,4.0,,Not Available,,Not Available,"Bypass Road Bypass Road, Maranpur, Gaya, Bihar 823001, India",https://www.google.com/maps/place/Perfect+Cyber+Cafe/data=!4m7!3m6!1s0x39f32bc46087e31b:0x89b91bd213d9833a!8m2!3d24.7724338!4d85.0042757!16s%2Fg%2F11ss8dk2_6!19sChIJG-OHYMQr8zkROoPZE9IbuYk?authuser=0&hl=en&rclk=1
Sunny Tender and Internet Cafe,Gaya,4.0,,+91 74820 26192,,Not Available,"Bypass, Gaya-Dobhi Rd, Maranpur, Gaya, Bihar 823001, India",https://www.google.com/maps/place/Sunny+Tender+and+Internet+Cafe/data=!4m7!3m6!1s0x39f32be7510f2d05:0xde5a2ffde02b2438!8m2!3d24.7710849!4d85.0032325!16s%2Fg%2F11y7603s6k!19sChIJBS0PUecr8zkROCQr4P0vWt4?authuser=0&hl=en&rclk=1
Rajesh internet cafe & mobile Shop,Gaya,4.9,,+91 82109 92753,,Not Available,"R277+RGC, Chhotki nawada gautam bhudh para medcal, K P Colony, Gaya, Bihar 823002, India",https://www.google.com/maps/place/Rajesh+internet+cafe+%26+mobile+Shop/data=!4m7!3m6!1s0x39f32b921fea66e3:0x97526dae31dd587f!8m2!3d24.8145572!4d85.0137736!16s%2Fg%2F11sgczr43q!19sChIJ42bqH5Ir8zkRf1jdMa5tUpc?authuser=0&hl=en&rclk=1
Gaya Net,Gaya,4.0,,Not Available,,Not Available,"211, Bisar Talab, New Area, Gaya, Bihar 823001, India",https://www.google.com/maps/place/Gaya+Net/data=!4m7!3m6!1s0x39f32bdc7eb835cb:0xfbb6a8e48b52da68!8m2!3d24.7883557!4d85.0043312!16s%2Fg%2F11qg6jd4_2!19sChIJyzW4ftwr8zkRaNpSi-Sotvs?authuser=0&hl=en&rclk=1
Sri Ganpati Cyber Cafe online centre,Gaya,5.0,,Not Available,,Not Available,"- 5no gate, Paharpur, Gaya, Qazi chak, Bihar 823001, India",https://www.google.com/maps/place/Sri+Ganpati+Cyber+Cafe+online+centre/data=!4m7!3m6!1s0x39f32b13ae585d5b:0x3e295b46b546a8c4!8m2!3d24.7602684!4d84.9693005!16s%2Fg%2F11kqs8sxwz!19sChIJW11YrhMr8zkRxKhGtUZbKT4?authuser=0&hl=en&rclk=1
Insan mahto cyber cafe,Gaya,5.0,,+91 74630 76847,,Not Available,"Jai hind public school field, Rd Number 6, Shastri Nagar West, Gaya, Bihar 823001, India",https://www.google.com/maps/place/Insan+mahto+cyber+cafe/data=!4m7!3m6!1s0x39f32bba03f8e0bb:0x5da7d1ca6b2cb184!8m2!3d24.7818199!4d84.9739217!16s%2Fg%2F11xvm585qg!19sChIJu-D4A7or8zkRhLEsa8rRp10?authuser=0&hl=en&rclk=1
PUJA COMMUNICATION AND CYBER CAFE,Gaya,4.5,,+91 94300 29750,,Not Available,"NEW GODOWN, Gautam Buddha Rd, near PUNJABI COLONY, near LAL NURSING HOME, New Godwon, Gol Bagicha, Gaya, Bihar 823001, India",https://www.google.com/maps/place/PUJA+COMMUNICATION+AND+CYBER+CAFE/data=!4m7!3m6!1s0x39f32b5bf4a9372d:0xfbeba1657887b422!8m2!3d24.8037446!4d85.0096007!16s%2Fg%2F11smv0_2cl!19sChIJLTep9Fsr8zkRIrSHeGWh6_s?authuser=0&hl=en&rclk=1
Bharat Digital Xerox Services,Gaya,5.0,,+91 91109 43500,,Not Available,"Bharat Digital Cafe, 01, Pant Nagar More, near Maa Mangla, ITI, Ghughari Tand, Gaya, Bihar 823001, India",https://www.google.com/maps/place/Bharat+Digital+Xerox+Services/data=!4m7!3m6!1s0x39f32bcc7af7e249:0xeb310970d62ef599!8m2!3d24.7659866!4d85.0048601!16s%2Fg%2F11h0b5jv9q!19sChIJSeL3eswr8zkRmfUu1nAJMes?authuser=0&hl=en&rclk=1
SURYA CYBER CAFE,Gaya,4.0,,Not Available,,Not Available,"Vijay Laddu Bhandar, Rd Number 4, near Prakash Public school, Chhotki, Sangam Chowk, Delha, Gaya, Bihar 823002, India",https://www.google.com/maps/place/SURYA+CYBER+CAFE/data=!4m7!3m6!1s0x39f32ba01d670a9d:0xf2d97e15ce271bbc!8m2!3d24.804237!4d84.9924659!16s%2Fg%2F11vbt7862q!19sChIJnQpnHaAr8zkRvBsnzhV-2fI?authuser=0&hl=en&rclk=1
Aashirwad Cyber Cafe & Videography,Gaya,4.6,,Not Available,,Not Available,"Rd Number 4, Kishori Mohan Complex, Mahavir colony, Gaya, Bihar 823001, India",https://www.google.com/maps/place/Aashirwad+Cyber+Cafe+%26+Videography/data=!4m7!3m6!1s0x39f32bb5df7c19f7:0xb90bedc9d6182137!8m2!3d24.7770954!4d84.9725392!16s%2Fg%2F11h4zqvh7f!19sChIJ9xl837Ur8zkRNyEY1sntC7k?authuser=0&hl=en&rclk=1
Welcome Magadh Cyber Cafe,Gaya,5.0,,+91 88734 56950,,Not Available,"Q2F2+792 Devi asthan, Maranpur, Naili, Gaya, Bihar 823001, India",https://www.google.com/maps/place/Welcome+Magadh+Cyber+Cafe/data=!4m7!3m6!1s0x39f32bb52fe8e801:0x8ad15dbf4abf3641!8m2!3d24.7731369!4d85.0008854!16s%2Fg%2F11sbr0j1pz!19sChIJAejoL7Ur8zkRQTa_Sr9d0Yo?authuser=0&hl=en&rclk=1
The Internet Villa,Gaya,5.0,,+91 95040 46040,,Not Available,"5, New Godown, Murarpur, Gaya, Bihar 823001, India",https://www.google.com/maps/place/The+Internet+Villa/data=!4m7!3m6!1s0x39f32b7d3b473705:0x1d2ad3d0e6c157cb!8m2!3d24.8035246!4d85.0124839!16s%2Fg%2F11sjcd377f!19sChIJBTdHO30r8zkRy1fB5tDTKh0?authuser=0&hl=en&rclk=1
Magadh Cyber Cafe,Gaya,5.0,,+91 88103 09379,,Not Available,"904, Wajirganj Main Road, near Block Office, Durga Bari, Gaya, Bihar 823001, India",https://www.google.com/maps/place/Magadh+Cyber+Cafe/data=!4m7!3m6!1s0x39f32be7ab730edf:0xe1b3aa305ccfb4ae!8m2!3d24.7912524!4d85.001075!16s%2Fg%2F11vxjsjyd0!19sChIJ3w5zq-cr8zkRrrTPXDCqs-E?authuser=0&hl=en&rclk=1
Golden Communication & Cyber Cafe,Gaya,5.0,,+91 84099 56221,,Not Available,"R237+GH2, Tutwari Road, near Vaishnavi Hospital, Panchaiti Akhara, Gaya, Inidia 823001, India",https://www.google.com/maps/place/Golden+Communication+%26+Cyber+Cafe/data=!4m7!3m6!1s0x39f32bdcdef1860f:0xcba9fa5d151b8339!8m2!3d24.8037582!4d85.0138905!16s%2Fg%2F11rhx0msd1!19sChIJD4bx3twr8zkROYMbFV36qcs?authuser=0&hl=en&rclk=1
DREAMLAND CYBER CAFE,Gaya,3.5,,+91 91224 96827,,Not Available,"234, Dandibag Main Rd, Near Suzuki Service Center, Ghughari Tand, Gaya, Bihar 823001, India",https://www.google.com/maps/place/DREAMLAND+CYBER+CAFE/data=!4m7!3m6!1s0x39f32b0947d9916d:0xd00bd5d3ebba981e!8m2!3d24.7712137!4d85.0080664!16s%2Fg%2F11h55f1v0f!19sChIJbZHZRwkr8zkRHpi669PVC9A?authuser=0&hl=en&rclk=1
Rk Enterprises &Cyber Cafe,Gaya,4.4,,+91 85215 50282,,Not Available,"9, Kharkhura Main Rd, Tulsi Colony, Tel Bigha, Gaya, Bihar 823002, India",https://www.google.com/maps/place/Rk+Enterprises+%26Cyber+Cafe/data=!4m7!3m6!1s0x39f32b6cd8813d5b:0x1ef16cf53a31c728!8m2!3d24.8086955!4d84.9972584!16s%2Fg%2F11jyx0f_5d!19sChIJWz2B2Gwr8zkRKMcxOvVs8R4?authuser=0&hl=en&rclk=1
I Way Cyber Zone,Gaya,4.7,,+91 95460 49076,,Not Available,"Infront Of Shani Mandir, Station Rd, Gol Bagicha, Gaya, Bihar 823002, India",https://www.google.com/maps/place/I+Way+Cyber+Zone/data=!4m7!3m6!1s0x39f32a6afdceb159:0x848be13886ab125a!8m2!3d24.8000414!4d85.0002652!16s%2Fg%2F11g7ybmw3p!19sChIJWbHO_Woq8zkRWhKrhjjhi4Q?authuser=0&hl=en&rclk=1
Nand cyber cafe,Gaya,4.7,,Not Available,,Not Available,"QXM9+7RV, near Chandauti Devi Mandir, Chandauti, Gaya, Bihar 823001, India",https://www.google.com/maps/place/Nand+cyber+cafe/data=!4m7!3m6!1s0x39f32b001c566c3f:0x8bcd3d8db6b91df7!8m2!3d24.7832282!4d84.9695428!16s%2Fg%2F11vq2yf75w!19sChIJP2xWHAAr8zkR9x25to09zYs?authuser=0&hl=en&rclk=1
KCC..Krishana Cyber Cafe,Gaya,5.0,,+91 94312 20368,,Not Available,"block campus, Chandauti block, Chandauti Rd, Gaya, Bihar 823001, India",https://www.google.com/maps/place/KCC..Krishana+Cyber+Cafe/data=!4m7!3m6!1s0x39f32beaa5ca5c15:0x53befe85799a3aff!8m2!3d24.7849843!4d84.9730359!16s%2Fg%2F11v68c78ht!19sChIJFVzKpeor8zkR_zqaeYX-vlM?authuser=0&hl=en&rclk=1
Singh Tour Travels Cyber Cafe,Gaya,4.5,,+91 95464 11021,,http://www.facebook.com/singhtourtravrls,"Gurudwara More, Station Rd, Gol Bagicha, Gaya, Bihar 823002, India",https://www.google.com/maps/place/Singh+Tour+Travels+Cyber+Cafe/data=!4m7!3m6!1s0x39f32be413fb9db1:0x96a575d6b588dcbf!8m2!3d24.8020816!4d85.0004662!16s%2Fg%2F11gxmc269w!19sChIJsZ37E-Qr8zkRv9yItdZ1pZY?authuser=0&hl=en&rclk=1
Siddhivinayak Cyber Cafe & Electronics,Gaya,5.0,,+91 98524 53341,,Not Available,"Baragi More, Bageshwari Rd, Janta Colony Bairagi, Gol Bagicha, Gaya, Bihar 823002, India",https://www.google.com/maps/place/Siddhivinayak+Cyber+Cafe+%26+Electronics/data=!4m7!3m6!1s0x39f32beb197f4979:0x8a1097b02397b5d4!8m2!3d24.8072031!4d85.0049967!16s%2Fg%2F11w3cjrwc2!19sChIJeUl_Gesr8zkR1LWXI7CXEIo?authuser=0&hl=en&rclk=1
SAHEB INTERNET CAFE,Gaya,5.0,,+91 82108 80036,,Not Available,"Gautam Buddha Rd, Durga Bari, Gaya, Bihar 823001, India",https://www.google.com/maps/place/SAHEB+INTERNET+CAFE/data=!4m7!3m6!1s0x39f32be7fb037fc5:0xb42e1a53f6be7879!8m2!3d24.7926926!4d85.0074159!16s%2Fg%2F11sp8tzdk4!19sChIJxX8D--cr8zkReXi-9lMaLrQ?authuser=0&hl=en&rclk=1
Maa Cyber Cafe,Gaya,5.0,,+91 95045 27174,,Not Available,"Shope No. 1, Rajendra Ashram, New Area, Gaya, Bihar 823001, India",https://www.google.com/maps/place/Maa+Cyber+Cafe/data=!4m7!3m6!1s0x39f32bfbbd85629b:0x3f0e1dddbd72bff8!8m2!3d24.7880495!4d85.0050459!16s%2Fg%2F11x8sz4mn_!19sChIJm2KFvfsr8zkR-L9yvd0dDj8?authuser=0&hl=en&rclk=1
Shree Cyber Cafe,Gaya,5.0,,+91 85399 56166,,Not Available,"Gautam Buddha Rd, Near rbisir1, Jaiprakash Nagar, Gaya, Bihar 823001, India",https://www.google.com/maps/place/Shree+Cyber+Cafe/data=!4m7!3m6!1s0x39f32a39b400a947:0x70a033e7bac9e063!8m2!3d24.7874041!4d85.0054595!16s%2Fg%2F11g7y6jscq!19sChIJR6kAtDkq8zkRY-DJuuczoHA?authuser=0&hl=en&rclk=1
Gupta Vasudha Kendra,Gaya,4.7,,+91 85398 88064,,Not Available,"Gali, Ramna Rd, near Shri Digambar Jain Mandir, Makhan Toli, Gaya, Bihar 823001, India",https://www.google.com/maps/place/Gupta+Vasudha+Kendra/data=!4m7!3m6!1s0x39f32b3c5c3c6add:0xce2a91511d8d9d47!8m2!3d24.7948508!4d85.0100867!16s%2Fg%2F11y4zxfs1z!19sChIJ3Wo8XDwr8zkRR52NHVGRKs4?authuser=0&hl=en&rclk=1
Radhika internet cafe,Gaya,3.0,,Not Available,,Not Available,"Katari, Katari Hill, Gaya, Bihar 823001, India",https://www.google.com/maps/place/Radhika+internet+cafe/data=!4m7!3m6!1s0x39f32bf177497adb:0xed398d5fe7afefaf!8m2!3d24.7985383!4d84.9718807!16s%2Fg%2F11svqt5gpr!19sChIJ23pJd_Er8zkRr--v51-NOe0?authuser=0&hl=en&rclk=1
"Digital Spot Zone, Cyber Cafe",Gaya,5.0,,+91 82719 01649,,Not Available,"Joda Masjid Rd, Head Manpur, Gaya, Bihar 823003, India","https://www.google.com/maps/place/Digital+Spot+Zone,+Cyber+Cafe/data=!4m7!3m6!1s0x39f2d744f98b6525:0xbbe1a478f3d829ef!8m2!3d24.8221747!4d85.0294046!16s%2Fg%2F11x72lhbn8!19sChIJJWWL-UTX8jkR7ynY83ik4bs?authuser=0&hl=en&rclk=1"
Shree Govind Cyber Cafe,Gaya,4.5,,+91 79034 90462,,Not Available,"khatkachak bypass road, Magadh, Gaya, Naili, Bihar 823001, India",https://www.google.com/maps/place/Shree+Govind+Cyber+Cafe/data=!4m7!3m6!1s0x39f32b39fbaf4a53:0xed1db0a5a2423455!8m2!3d24.7633735!4d84.9928738!16s%2Fg%2F11vpzc09_x!19sChIJU0qv-zkr8zkRVTRCoqWwHe0?authuser=0&hl=en&rclk=1
Rahul Cyber Cafe,Gaya,2.5,,+91 90973 10642,,Not Available,"Panchanpur Road Gaya Dhaniya Bagicha Delha, Gaya, Bihar 823002, India",https://www.google.com/maps/place/Rahul+Cyber+Cafe/data=!4m7!3m6!1s0x39f32a63740f9fed:0x1996113dce8b7a87!8m2!3d24.8060136!4d84.9859827!16s%2Fg%2F11g7343f0j!19sChIJ7Z8PdGMq8zkRh3qLzj0Rlhk?authuser=0&hl=en&rclk=1
R K S Cyber Cafe,Gaya,3.0,,+91 94731 92315,,Not Available,"QXVW+RRV, Gaya Sadar block Road, near Chandauti, thana, Bihar 823001, India",https://www.google.com/maps/place/R+K+S+Cyber+Cafe/data=!4m7!3m6!1s0x39f32b8bca8fcec3:0xc0657ee1aab0ef4a!8m2!3d24.7946044!4d84.9970614!16s%2Fg%2F11rly0rrc7!19sChIJw86Pyosr8zkRSu-wquF-ZcA?authuser=0&hl=en&rclk=1
E-CYBER & INTERNET STOP,Gaya,5.0,,+91 79035 79695,,Not Available,"Teausa road, Manpur - Sarbahda Rd, beside Narayan marriage hall, Khanjahanpur, Gaya, Bihar 823003, India",https://www.google.com/maps/place/E-CYBER+%26+INTERNET+STOP/data=!4m7!3m6!1s0x39f32955649e87ad:0x70784dfd443318b7!8m2!3d24.8205636!4d85.0385921!16s%2Fg%2F11rspwd084!19sChIJrYeeZFUp8zkRtxgzRP1NeHA?authuser=0&hl=en&rclk=1
Vishwakarma Cyber cafe,Gaya,1.0,,+91 99312 11017,,Not Available,"Sohan bigha, road, near ssy college, Enayat Colony, Nima, Gaya, Bihar 823001, India",https://www.google.com/maps/place/Vishwakarma+Cyber+cafe/data=!4m7!3m6!1s0x39f32b030ee60acb:0xbf25ae0258e58c5a!8m2!3d24.7939774!4d85.0008127!16s%2Fg%2F11vxh3ngxl!19sChIJywrmDgMr8zkRWozlWAKuJb8?authuser=0&hl=en&rclk=1
???? ?? ???? ??????,Gaya,5.0,,Not Available,,Not Available,"QXPF+68X, BLOCK, Chandauti, Gaya, Bihar 823001, India",https://www.google.com/maps/place/%E0%A4%B8%E0%A4%A4%E0%A5%80%E0%A4%B6+%E0%A4%9C%E0%A4%A8+%E0%A4%B8%E0%A5%87%E0%A4%B5%E0%A4%BE+%E0%A4%95%E0%A5%87%E0%A4%82%E0%A4%A6%E0%A5%8D%E0%A4%B0/data=!4m7!3m6!1s0x39f32b002964aeb5:0xbfcefa795908a0e2!8m2!3d24.7856197!4d84.973344!16s%2Fg%2F11w7vmwgd4!19sChIJta5kKQAr8zkR4qAIWXn6zr8?authuser=0&hl=en&rclk=1
Sudarshan cyber cafe,Gaya,,,+91 95074 89311,,http://sudarshandigitalhub.blogspot.in/,"Gandhi More, Bageshwari Rd, Chhotki, Bageswari Colony, Nawada, Gaya, Bihar 823003, India",https://www.google.com/maps/place/Sudarshan+cyber+cafe/data=!4m7!3m6!1s0x39f32be9cc6cda09:0xb8c500565c51584c!8m2!3d24.8155696!4d85.0110422!16s%2Fg%2F11x0nr3653!19sChIJCdpszOkr8zkRTFhRXFYAxbg?authuser=0&hl=en&rclk=1
Magadh Online Centre,Gaya,5.0,,+91 94718 65899,,https://www.magadhonline.in/,"Q2Q3+693, Bisar Talab, New Area, Gaya, Bihar 823001, India",https://www.google.com/maps/place/Magadh+Online+Centre/data=!4m7!3m6!1s0x39f32a38643cb20b:0x8afa2a0600ac24b5!8m2!3d24.7880079!4d85.0034215!16s%2Fg%2F11c7_xzyh5!19sChIJC7I8ZDgq8zkRtSSsAAYq-oo?authuser=0&hl=en&rclk=1
Vijay Cyber Cafe & Mobile Accessories,Gaya,,,+91 82100 85208,,Not Available,"near Petrol Pump, in front of Ravi Hotel, Murarpur, Kirani Ghat, Gaya, Bihar 823001, India",https://www.google.com/maps/place/Vijay+Cyber+Cafe+%26+Mobile+Accessories/data=!4m7!3m6!1s0x39f32b49eb31cb39:0xf1d0ede1ec10afd2!8m2!3d24.7995173!4d85.0125333!16s%2Fg%2F11ys4gmsg5!19sChIJOcsx60kr8zkR0q8Q7OHt0PE?authuser=0&hl=en&rclk=1
Aman Digital Studio And Cyber Cafe,Gaya,3.6,,+91 80830 50988,,Not Available,"Durga Sthan, Manpur Bazar, Gaya, Manpur, Bihar 823003, India",https://www.google.com/maps/place/Aman+Digital+Studio+And+Cyber+Cafe/data=!4m7!3m6!1s0x39f329f98e26fb21:0xd74a7a8e83e7175b!8m2!3d24.8119133!4d85.0278945!16s%2Fg%2F11g6_727tg!19sChIJIfsmjvkp8zkRWxfng456Stc?authuser=0&hl=en&rclk=1
S S R Cyber Cafe Recharge Shop,Gaya,5.0,,+91 91995 08539,,Not Available,"Village, Aurwan Rd, Pandey Parswan, Gaya, Parsanwan, Bihar 823004, India",https://www.google.com/maps/place/S+S+R+Cyber+Cafe+Recharge+Shop/data=!4m7!3m6!1s0x398cd56f33f489d1:0xe6d30f63d1b7c170!8m2!3d24.7748583!4d84.9341834!16s%2Fg%2F11lcr2z_kg!19sChIJ0Yn0M2_VjDkRcMG30WMP0-Y?authuser=0&hl=en&rclk=1
Buddha Pan Centre,Gaya,4.0,,Not Available,,Not Available,"Dakshin Darwaja, Chand Chaura, Gaya, Bihar 823001, India",https://www.google.com/maps/place/Buddha+Pan+Centre/data=!4m7!3m6!1s0x39f32b00641cb5bf:0xa68987f549308fce!8m2!3d24.778152!4d85.006336!16s%2Fg%2F11yzcs46tr!19sChIJv7UcZAAr8zkRzo8wSfWHiaY?authuser=0&hl=en&rclk=1
Prince Communication,Gaya,5.0,,+91 84097 94374,,Not Available,"Ramshila more, Gaya - Patna Main Rd, pahaswar, Gaya, Bihar 823002, India",https://www.google.com/maps/place/Prince+Communication/data=!4m7!3m6!1s0x39f32b7cd7e7f2b7:0x51ad149a08cb67c7!8m2!3d24.8133541!4d85.0157911!16s%2Fg%2F11vdhn9lhk!19sChIJt_Ln13wr8zkRx2fLCJoUrVE?authuser=0&hl=en&rclk=1
Az stationary & cyber cafe,Gaya,,,+91 82104 23028,,Not Available,"New, Shatabdi Road, Aliganj, Gaya, Bihar 823001, India",https://www.google.com/maps/place/Az+stationary+%26+cyber+cafe/data=!4m7!3m6!1s0x39f32b68fb174799:0x3de4608ef8c75408!8m2!3d24.7979152!4d84.9761404!16s%2Fg%2F11xmr6d8z4!19sChIJmUcX-2gr8zkRCFTH-I5g5D0?authuser=0&hl=en&rclk=1
Gaya csc center,Gaya,3.3,,Not Available,,Not Available,"Bari Rd, near Quasimi Middle School, Millat Colony, Enayat Colony, Gaya, Bihar 823002, India",https://www.google.com/maps/place/Gaya+csc+center/data=!4m7!3m6!1s0x39f32a401a70febf:0x648cbec6298f4fbc!8m2!3d24.8017229!4d85.0032367!16s%2Fg%2F11dylsfnwq!19sChIJv_5wGkAq8zkRvE-PKca-jGQ?authuser=0&hl=en&rclk=1
Rohit Internet Cafe,Gaya,4.8,5.0,+91 83405 34609,,Not Available,"524 Main Road, Karubigha, near Hanuman Mandir, Karubigha, Gaya, Bihar 823002, India",https://www.google.com/maps/place/Rohit+Internet+Cafe/data=!4m7!3m6!1s0x39f32b83dbf64911:0x343747f5ce0c913f!8m2!3d24.8051484!4d84.9895222!16s%2Fg%2F11kr9jzz4t!19sChIJEUn224Mr8zkRP5EMzvVHNzQ?authuser=0&hl=en&rclk=1
CSC CENTER,Gaya,5.0,,+91 74884 69314,,Not Available,"Dham,Gaya Dham, Gaya, Bihar 823001, India",https://www.google.com/maps/place/CSC+CENTER/data=!4m7!3m6!1s0x39f32bbe5367e059:0xfbd7995aa149c665!8m2!3d24.7912087!4d84.9973546!16s%2Fg%2F11sn_2wyhf!19sChIJWeBnU74r8zkRZcZJoVqZ1_s?authuser=0&hl=en&rclk=1
Times Computers,Gaya,,,Not Available,,Not Available,"Bageshwari Rd, near Bindu Gali, Bageswari Colony, Gaya, Bihar 823002, India",https://www.google.com/maps/place/Times+Computers/data=!4m7!3m6!1s0x39f32bd211ed0223:0x62bdfde1a7bb7d50!8m2!3d24.8116637!4d85.0063839!16s%2Fg%2F11y0tgtrdz!19sChIJIwLtEdIr8zkRUH27p-H9vWI?authuser=0&hl=en&rclk=1
Bunny communication & CSC Centre,Gaya,4.0,,+91 98520 31410,,Not Available,"Shiv Temple, krishi wibhag gali, Janta Colony Bairagi, Bairagi, Gol Bagicha, Gaya, Bihar 823002, India",https://www.google.com/maps/place/Bunny+communication+%26+CSC+Centre/data=!4m7!3m6!1s0x39f32bc7f09c2227:0x795de4bc7a3be9d7!8m2!3d24.8079645!4d85.005047!16s%2Fg%2F11gsmlq561!19sChIJJyKc8Mcr8zkR1-k7erzkXXk?authuser=0&hl=en&rclk=1
Golu Cyber Cafe,Gaya,4.3,6.0,+91 72949 56181,,Not Available,"Ramashish Bhawan, Ashok Nagar, Gaya, Bihar 823001, India",https://www.google.com/maps/place/Golu+Cyber+Cafe/data=!4m7!3m6!1s0x39f32bf3962bee41:0x8661d7ff3b0abd53!8m2!3d24.7922347!4d84.9815226!16s%2Fg%2F11sn2gts44!19sChIJQe4rlvMr8zkRU70KO__XYYY?authuser=0&hl=en&rclk=1
Lakshman Cyber Cafe & Aadhaar Centre,Gaya,4.4,,+91 77396 41988,,https://www.facebook.com/lkcybercafegaya,"1st Floor, Mukhiya Ji Market, Gaya Dobhi Road Near BMP Gate No 1, Gaya, Bihar 823004, India",https://www.google.com/maps/place/Lakshman+Cyber+Cafe+%26+Aadhaar+Centre/data=!4m7!3m6!1s0x39f32d280544c42f:0x6daf5dfcd1bbfa40!8m2!3d24.7205383!4d84.9681372!16s%2Fg%2F11l1q44lkw!19sChIJL8REBSgt8zkRQPq70fxdr20?authuser=0&hl=en&rclk=1
DIGITAL CYBER CAFE,Gaya,5.0,,+91 81026 81568,,Not Available,"Domuhan, Cherki Rd, Dayal Kunj, Bodh Gaya, Kolhaura, Bihar 824231, India",https://www.google.com/maps/place/DIGITAL+CYBER+CAFE/data=!4m7!3m6!1s0x39f32dd1ea83cbcb:0x72ba42f2b2efa7bd!8m2!3d24.6991698!4d84.956658!16s%2Fg%2F11swn5mz6_!19sChIJy8uD6tEt8zkRvafvsvJCunI?authuser=0&hl=en&rclk=1
Rocky Cyber Cafe,Gaya,,,+91 74630 16919,,Not Available,"Gaya - Patna Main Rd, Gol Bagicha, Gaya, Bihar 823002, India",https://www.google.com/maps/place/Rocky+Cyber+Cafe/data=!4m7!3m6!1s0x39f32b55b5f9f51f:0x4fb1f4b148d8ae18!8m2!3d24.7995082!4d85.000926!16s%2Fg%2F11sq3dr6dd!19sChIJH_X5tVUr8zkRGK7YSLH0sU8?authuser=0&hl=en&rclk=1
GITANJALI DIGITAL POINT,Gaya,0.0,,+91 62057 52936,,Not Available,"Gautam Buddha Rd, Durga Bari, Gaya, Bihar 823001, India",https://www.google.com/maps/place/GITANJALI+DIGITAL+POINT/data=!4m7!3m6!1s0x39f32b83d24a4f8d:0x7a221d52189fcc5c!8m2!3d24.7903898!4d85.007502!16s%2Fg%2F11vj8ly396!19sChIJjU9K0oMr8zkRXMyfGFIdIno?authuser=0&hl=en&rclk=1
Raju Cyber,Gaya,3.9,,+91 70506 35151,,Not Available,"Q2QC+X5R ke samne, Nauranga Rd, Lakhibag, Manpur, Bihar 823003, India",https://www.google.com/maps/place/Raju+Cyber/data=!4m7!3m6!1s0x39f32919364695b9:0xf44d78c1e1f64cf0!8m2!3d24.7899872!4d85.0203962!16s%2Fg%2F11ff1v_p8q!19sChIJuZVGNhkp8zkR8Ez24cF4TfQ?authuser=0&hl=en&rclk=1
Sonam Cyber Cafe,Gaya,3.5,2.0,+91 79036 52034,,Not Available,"Sonam Cyber Cafe, 01, near Muffasil Thana, Manpur, Gaya, Bihar 823003, India",https://www.google.com/maps/place/Sonam+Cyber+Cafe/data=!4m7!3m6!1s0x39f3291c2d7404a1:0xd3ad6ab10e850849!8m2!3d24.7979773!4d85.0242273!16s%2Fg%2F11rvghx0zr!19sChIJoQR0LRwp8zkRSQiFDrFqrdM?authuser=0&hl=en&rclk=1
Uttam Cyber Cafe,Gaya,3.0,,+91 96088 60677,,Not Available,"Uttam House, 07, Gaya - Bodhgaya Rd, Swarjpuri Kendui, Gaya, Bihar 823004, India",https://www.google.com/maps/place/Uttam+Cyber+Cafe/data=!4m7!3m6!1s0x39f32bb1bfd50ba9:0x23e86a80bdeac293!8m2!3d24.7581714!4d85.0088171!16s%2Fg%2F11ybdtrm83!19sChIJqQvVv7Er8zkRk8LqvYBq6CM?authuser=0&hl=en&rclk=1
Internet World cafe,Gaya,4.4,,+91 97667 42704,,https://punakalan.wixsite.com/internetworldcafe,"Puna Kala, Ganreri Bigha, Bihar 824237, India",https://www.google.com/maps/place/Internet+World+cafe/data=!4m7!3m6!1s0x398cd5062420f159:0x2d4188662fa7f70b!8m2!3d24.7718288!4d84.9016921!16s%2Fg%2F11h4dx40q1!19sChIJWfEgJAbVjDkRC_enL2aIQS0?authuser=0&hl=en&rclk=1
ADHAR CARD OFFICE DRDA GAYA,Gaya,3.5,,Not Available,,Not Available,"Q2R5+W2J Sbi main branch, beside DRDO office, Durga Bari, Gaya, Bihar 823001, India",https://www.google.com/maps/place/ADHAR+CARD+OFFICE+DRDA+GAYA/data=!4m7!3m6!1s0x39f32b006840c4a5:0x936ac706d8aaa96b!8m2!3d24.7922656!4d85.0075146!16s%2Fg%2F11y4955_95!19sChIJpcRAaAAr8zkRa6mq2AbHapM?authuser=0&hl=en&rclk=1
Kailash Tour & Travels,Gaya,4.8,,+91 98356 71131,,Not Available,"K.P. Lodge, near Janta Flat, Old Housing Board Colony, Ashok Nagar, Gaya, Bihar 823001, India",https://www.google.com/maps/place/Kailash+Tour+%26+Travels/data=!4m7!3m6!1s0x39f32a58c3cc84c9:0x1de70b2e2e48f971!8m2!3d24.7894488!4d84.9834981!16s%2Fg%2F11c7t8bnk2!19sChIJyYTMw1gq8zkRcflILi4L5x0?authuser=0&hl=en&rclk=1
Aditya Cyber Cafe and Press Zone,Gaya,5.0,,Not Available,,http://www.adityacyber.in/,"Khiriyawan, Bajar, opposite side, near hp gas agency, Gaya, Bihar 824231, India",https://www.google.com/maps/place/Aditya+Cyber+Cafe+and+Press+Zone/data=!4m7!3m6!1s0x39f32bc8063b86b1:0x59ab53bcc4749999!8m2!3d24.7370401!4d85.0094253!16s%2Fg%2F11t9ngkyw9!19sChIJsYY7Bsgr8zkRmZl0xLxTq1k?authuser=0&hl=en&rclk=1
AL-SHIFA INTERNET,Gaya,5.0,,+91 79797 81227,,Not Available,"Verma more, Pachhatti, behind Children Park, Bodh Gaya, Bihar 824231, India",https://www.google.com/maps/place/AL-SHIFA+INTERNET/data=!4m7!3m6!1s0x39f32d5ef52421cb:0x30b02ed4a4acb65e!8m2!3d24.6990166!4d84.9920717!16s%2Fg%2F11q7z_yg6t!19sChIJyyEk9V4t8zkRXraspNQusDA?authuser=0&hl=en&rclk=1
Ranjeet Raj,Gaya,,,+91 82290 71505,,Not Available,"AZIM WARSI CYBER CAFE, Gautam Buddha Rd, Durga Bari, Gaya, Bihar 823001, India",https://www.google.com/maps/place/Ranjeet+Raj/data=!4m7!3m6!1s0x39f32bb8dd9a0193:0x9ff4b599eb71b064!8m2!3d24.7946522!4d85.0114415!16s%2Fg%2F11pz8j265m!19sChIJkwGa3bgr8zkRZLBx65m19J8?authuser=0&hl=en&rclk=1
"KANHAIYA INTERNET CAFE,STUDIO AND CSC",Bhagalpur,4.6,,+91 82102 07532,,Not Available,"Jai Vihar Colony, Jhurkhuria, Bhagalpur, Bihar 813210, India","https://www.google.com/maps/place/KANHAIYA+INTERNET+CAFE,STUDIO+AND+CSC/data=!4m7!3m6!1s0x39f0496af204f653:0x18afcbf2f25cec8f!8m2!3d25.2532144!4d87.0278954!16s%2Fg%2F11g0lk5tb0!19sChIJU_YE8mpJ8DkRj-xc8vLLrxg?authuser=0&hl=en&rclk=1"
Cyber Space Internet Cafe ( M.I.A.),Bhagalpur,,,+91 91020 97374,,https://cyber-space-internet.grexa.site/,"POLICE THANA, Mayaganj Rd, near Barari Road, Kuppaghat, Bhagalpur, Bihar 812001, India",https://www.google.com/maps/place/Cyber+Space+Internet+Cafe+%28+M.I.A.%29/data=!4m7!3m6!1s0x39f036236df5b4c7:0xeeea1f8c8c9f9a04!8m2!3d25.2630121!4d87.006145!16s%2Fg%2F11c5xs8n9n!19sChIJx7T1bSM28DkRBJqfjIwf6u4?authuser=0&hl=en&rclk=1
Digital world Internet cafe and tours & travels,Bhagalpur,4.9,,+91 90605 25932,,Not Available,"infront of Kamal nagar colony main gate , near girls high school, Mirjanhat, Bhagalpur, Bihar 812005, India",https://www.google.com/maps/place/Digital+world+Internet+cafe+and+tours+%26+travels/data=!4m7!3m6!1s0x39f04bde153929e3:0x2ea3535f76b0951f!8m2!3d25.2301898!4d86.9811003!16s%2Fg%2F11fktcmd9l!19sChIJ4yk5Fd5L8DkRH5Wwdl9Toy4?authuser=0&hl=en&rclk=1
Gayatri Internet,Bhagalpur,4.9,,+91 95709 81733,,Not Available,"GAYATRI INTERNET, Lal Kothi Ln, near Lucky Medical, Urdu Bazar, Bhagalpur, Bihar 812002, India",https://www.google.com/maps/place/Gayatri+Internet/data=!4m7!3m6!1s0x39f04be5d8a9b9d7:0xb80f02ebc7bb9f6d!8m2!3d25.2430246!4d86.9624675!16s%2Fg%2F11lc5xmnt3!19sChIJ17mp2OVL8DkRbZ-7x-sCD7g?authuser=0&hl=en&rclk=1
Banti Internet Cafe,Bhagalpur,3.7,,+91 77177 52212,,Not Available,"Ishakchak Bishari Mandir Rd, Ishakchak, Mirjan Chock, Bhagalpur, Bihar 812001, India",https://www.google.com/maps/place/Banti+Internet+Cafe/data=!4m7!3m6!1s0x39f04a1d9bd0ed35:0xc40d5fc3a1563004!8m2!3d25.2379559!4d86.9811215!16s%2Fg%2F11b6z7l_qn!19sChIJNe3Qmx1K8DkRBDBWocNfDcQ?authuser=0&hl=en&rclk=1
Digital Bhawani Service,Bhagalpur,5.0,,Not Available,,https://youtube.com/@Digitalbhawaniservice?si=W9FNce7znyv8aI3s,"Csc Center, Best Internet cafe in, Kazichak, Bounsi Rd, near Axis Bank, Kazichak, Bhagalpur, Bihar 812005, India",https://www.google.com/maps/place/Digital+Bhawani+Service/data=!4m7!3m6!1s0x39f04be177d89857:0xe1ffb2fe9d30f42c!8m2!3d25.234854!4d86.9739616!16s%2Fg%2F11j_8mlvh1!19sChIJV5jYd-FL8DkRLPQwnf6y_-E?authuser=0&hl=en&rclk=1
Naimo Cyberspace,Bhagalpur,4.4,,+91 91222 15495,,Not Available,"Naimo Gali, Lal Kothi Ln, Tatarpur, Bhagalpur, Bihar 812002, India",https://www.google.com/maps/place/Naimo+Cyberspace/data=!4m7!3m6!1s0x39f04a0d3ae5edd5:0xa609b6559fe8a1f3!8m2!3d25.2428655!4d86.9631413!16s%2Fg%2F11bwm48djf!19sChIJ1e3lOg1K8DkR86Hon1W2CaY?authuser=0&hl=en&rclk=1
Saquib Cyber Caffe,Bhagalpur,4.6,,+91 91224 28713,,Not Available,"L.N, Singh Lane, opposite of Ansar Library, Nathnagar, Bhagalpur, Bihar 812006, India",https://www.google.com/maps/place/Saquib+Cyber+Caffe/data=!4m7!3m6!1s0x39f04b4421690ecd:0x1024878ec4593f7!8m2!3d25.2381061!4d86.9352103!16s%2Fg%2F11rf7ml0v9!19sChIJzQ5pIURL8DkR95NF7HhIAgE?authuser=0&hl=en&rclk=1
Cyber World,Bhagalpur,3.6,,+91 82717 31397,,Not Available,"Hanuman Path Rd, Tulsinagar Colony, Bank Colony, Tilka manjhi, Bhagalpur, Bihar 812001, India",https://www.google.com/maps/place/Cyber+World/data=!4m7!3m6!1s0x39f0361ffef5361d:0xaa28e3bef70ed9e4!8m2!3d25.2537326!4d87.002159!16s%2Fg%2F11cn7jvzt8!19sChIJHTb1_h828DkR5NkO977jKKo?authuser=0&hl=en&rclk=1
SHAHBAZIA ONLINE CAFE,Bhagalpur,5.0,,+91 99734 38385,,Not Available,"Pakija chowk, Hussainpur, hussainpur, Bhagalpur, Bihar 812002, India",https://www.google.com/maps/place/SHAHBAZIA+ONLINE+CAFE/data=!4m7!3m6!1s0x39f04beb0567cdb5:0x2568a485c23f1b2b!8m2!3d25.2399752!4d86.972438!16s%2Fg%2F11y45v6n1v!19sChIJtc1nBetL8DkRKxs_woWkaCU?authuser=0&hl=en&rclk=1
INteRneT CAFE Sneh,Bhagalpur,5.0,,+91 90979 79204,,Not Available,"AT - NEAR PNB BANK ZEROMILE, PO - BAHADURPUR, PS, DIST, Zero Mile, Bhagalpur, Bihar 813210, India",https://www.google.com/maps/place/INteRneT+CAFE+Sneh/data=!4m7!3m6!1s0x39f049dcc81441ef:0xe86550d89acc1826!8m2!3d25.2535479!4d87.0235303!16s%2Fg%2F11rqh2ndnj!19sChIJ70EUyNxJ8DkRJhjMmthQZeg?authuser=0&hl=en&rclk=1
Shree Internet cafe,Bhagalpur,5.0,,Not Available,,Not Available,"Bypass chowk, RBSS Sahay Rd, JIcho, Bhagalpur, Bihar 813210, India",https://www.google.com/maps/place/Shree+Internet+cafe/data=!4m7!3m6!1s0x39f049ff0df705bb:0xe0f6c37a807d93b!8m2!3d25.2269178!4d87.0058203!16s%2Fg%2F11yl8rndvp!19sChIJuwX3Df9J8DkRO9kHqDdsDw4?authuser=0&hl=en&rclk=1
SUMAN INTERNET CAFE,Bhagalpur,4.7,,+91 78082 71082,,Not Available,"Parbatti kalimandir, TNB College Rd, near Mahavir Mandir, Tatarpur, Bhagalpur, Bihar 812002, India",https://www.google.com/maps/place/SUMAN+INTERNET+CAFE/data=!4m7!3m6!1s0x39f04b79abf9cdc9:0xf0d9bd5d50b32538!8m2!3d25.2422547!4d86.9578075!16s%2Fg%2F11kqbmjzdn!19sChIJyc35q3lL8DkROCWzUF292fA?authuser=0&hl=en&rclk=1
MAA CYBER CAFE,Bhagalpur,3.9,,+91 82948 63338,,Not Available,"Gumti No. 12, near RAILWAY GATE, Bhikhanpur, Bhagalpur, Bihar 812001, India",https://www.google.com/maps/place/MAA+CYBER+CAFE/data=!4m7!3m6!1s0x39f0499c1042a75f:0x74e6454dba723e2d!8m2!3d25.242573!4d86.9894112!16s%2Fg%2F11kmwcs6c7!19sChIJX6dCEJxJ8DkRLT5yuk1F5nQ?authuser=0&hl=en&rclk=1
Kuku Internet Cafe,Bhagalpur,5.0,,+91 73015 62349,,Not Available,"Gantagar, Bihar 812001, India",https://www.google.com/maps/place/Kuku+Internet+Cafe/data=!4m7!3m6!1s0x39f04b68fc3ad221:0x752e2da32945417f!8m2!3d25.2496198!4d86.9820894!16s%2Fg%2F11rz4rvc0d!19sChIJIdI6_GhL8DkRf0FFKaMtLnU?authuser=0&hl=en&rclk=1
Manpasand Internet Zone,Bhagalpur,4.5,,+91 80516 70540,,Not Available,"RB Surya Prasad Rd, Katahalbari, Khanjarpur, Bhagalpur, Bihar 812001, India",https://www.google.com/maps/place/Manpasand+Internet+Zone/data=!4m7!3m6!1s0x39f0361c98acf5c3:0xbabec5869085740c!8m2!3d25.2588267!4d86.9937132!16s%2Fg%2F11g8xdwq3g!19sChIJw_WsmBw28DkRDHSFkIbFvro?authuser=0&hl=en&rclk=1
Surbhi digital cafe1,Bhagalpur,4.0,,+91 93088 67991,,Not Available,"Mirjanhat Road Kamalnagar Gat Near Saryudevi Mohanlal Girl's High School, Bhagalpur, Bihar 812005, India",https://www.google.com/maps/place/Surbhi+digital+cafe1/data=!4m7!3m6!1s0x39f04a1f92a42e87:0xf4c4e0f17fec6c4e!8m2!3d25.2301114!4d86.9812243!16s%2Fg%2F11b6xc51_r!19sChIJhy6kkh9K8DkRTmzsf_HgxPQ?authuser=0&hl=en&rclk=1
Chand Studio,Bhagalpur,3.9,,+91 99550 08645,,Not Available,"6XJ8+JM4, Ambay Road, Takichak, Habibpur, , BhagalpurBihar, 812005, India",https://www.google.com/maps/place/Chand+Studio/data=!4m7!3m6!1s0x39f04a15ce4ddcf1:0x242429be924499db!8m2!3d25.2315151!4d86.9666967!16s%2Fg%2F11cjk296_2!19sChIJ8dxNzhVK8DkR25lEkr4pJCQ?authuser=0&hl=en&rclk=1
AK Internet Cafe,Bhagalpur,4.0,,Not Available,,Not Available,"Sahibganj, Bhagalpur, Bihar 812002, India",https://www.google.com/maps/place/AK+Internet+Cafe/data=!4m7!3m6!1s0x39f04b002d747747:0x5fbb5bf171e620fa!8m2!3d25.24778!4d86.9484125!16s%2Fg%2F11y_hkr5bl!19sChIJR3d0LQBL8DkR-iDmcfFbu18?authuser=0&hl=en&rclk=1
Career Cafe Digital studio Bhagalpur-2,Bhagalpur,5.0,,+91 97083 14707,,Not Available,"Compay Bagh, near harijan School, Rekabganj, Bhagalpur, Bihar 812002, India",https://www.google.com/maps/place/Career+Cafe+Digital+studio+Bhagalpur-2/data=!4m7!3m6!1s0x39f04b005b5a9447:0x4945ea74cc1ed474!8m2!3d25.2270751!4d86.9662119!16s%2Fg%2F11vr25j4dr!19sChIJR5RaWwBL8DkRdNQezHTqRUk?authuser=0&hl=en&rclk=1
ADINA CYBER CAFE TOURS AND TRAVEL,Bhagalpur,3.8,,+91 82104 27039,,Not Available,"ADINA CYBER CAFE CHOUNKA FATEHPUR SABOUR, Bhagalpur, Bihar 813210, India",https://www.google.com/maps/place/ADINA+CYBER+CAFE+TOURS+AND+TRAVEL/data=!4m7!3m6!1s0x39f0490055ff3e9d:0x9498828ec28e441b!8m2!3d25.2525171!4d87.0394441!16s%2Fg%2F11k1l1_4d4!19sChIJnT7_VQBJ8DkRG0SOwo6CmJQ?authuser=0&hl=en&rclk=1
OWAIS INFOCOM (Internet Cafe),Bhagalpur,4.4,,+91 84078 30943,,Not Available,"Near Chandni Chawk Faizan-e Ashraf Manzil Himmat, Hafiz Ali Ln, Kabirpur, Bhagalpur, Bihar 812006, India",https://www.google.com/maps/place/OWAIS+INFOCOM+%28Internet+Cafe%29/data=!4m7!3m6!1s0x39f04b38f8d412cd:0x81686cf5fc65bea9!8m2!3d25.2372262!4d86.9463838!16s%2Fg%2F11nnp1mlkz!19sChIJzRLU-DhL8DkRqb5l_PVsaIE?authuser=0&hl=en&rclk=1
SHIVAY CYBER CAFE,Bhagalpur,5.0,,+91 90978 19810,,Not Available,"in front of PASHUPATINATH MANDIR, Mirjanhat, Bhagalpur, Bihar 812005, India",https://www.google.com/maps/place/SHIVAY+CYBER+CAFE/data=!4m7!3m6!1s0x39f04be132fbe19d:0xe2bd39030171c333!8m2!3d25.2266347!4d86.9811334!16s%2Fg%2F11ybh1rstv!19sChIJneH7MuFL8DkRM8NxAQM5veI?authuser=0&hl=en&rclk=1
AvIyAnK CaFe,Bhagalpur,5.0,,+91 86518 30783,,https://chat.whatsapp.com/Jzc9NQ94earBFtru94SUlZ,"near thatari tola, Mohaddinagar, Mirjanhat, Kutubganj, Bhagalpur, Bihar 812005, India",https://www.google.com/maps/place/AvIyAnK+CaFe/data=!4m7!3m6!1s0x39f0498a9a8ca10b:0xf316a97db6d1ee2!8m2!3d25.2261361!4d86.9831046!16s%2Fg%2F11lh5fnxfh!19sChIJC6GMmopJ8DkR4h5t25dqMQ8?authuser=0&hl=en&rclk=1
Drishti Digital Studio and Internet Cafe,Bhagalpur,5.0,,+91 79037 92780,,Not Available,"MADHU CHOWK, in front of UNIQUE PATHFINDER ACADEMY, Barari, Bhagalpur, Bihar 812003, India",https://www.google.com/maps/place/Drishti+Digital+Studio+and+Internet+Cafe/data=!4m7!3m6!1s0x39f037bfd8722d2f:0xf24c8ca8203e8d8c!8m2!3d25.2674957!4d87.0212127!16s%2Fg%2F11vqvj_x8x!19sChIJLy1y2L838DkRjI0-IKiMTPI?authuser=0&hl=en&rclk=1
M S NET CAFE (CSC),Bhagalpur,5.0,,+91 78703 36300,,https://whatsapp.com/channel/0029VaZKuiM2P59crLkmnR09,"No. 3, Narga, Bazar Fort Road, near Church Ground, Chamapanagar, Bhagalpur, Bihar 812004, India",https://www.google.com/maps/place/M+S+NET+CAFE+%28CSC%29/data=!4m7!3m6!1s0x39f04bb51a4ba087:0xd0ed0d6b673e8870!8m2!3d25.2480442!4d86.9359334!16s%2Fg%2F11gm8c_kxh!19sChIJh6BLGrVL8DkRcIg-Z2sN7dA?authuser=0&hl=en&rclk=1
CSC Centre & Internet cafe (Kunal),Bhagalpur,5.0,,Not Available,,https://instagram.com/kunal1980k?igshid=ZDdkNTZiNTM=,"House no -71, Ambai pokhar, Ambai Marufchak, Ambai, Bhagalpur, Bihar 812005, India",https://www.google.com/maps/place/CSC+Centre+%26+Internet+cafe+%28Kunal%29/data=!4m7!3m6!1s0x39f04b011780c231:0x7879b4dea64270fb!8m2!3d25.2330186!4d86.9711624!16s%2Fg%2F11ty4v29_h!19sChIJMcKAFwFL8DkR-3BCpt60eXg?authuser=0&hl=en&rclk=1
HI SPEED ONLINE+BEAUTY PLUS STUDIO,Bhagalpur,4.8,,+91 72777 53951,,Not Available,"812006, KB Lal Rd, near Jyoti Nursing, near Jyoti Nursing Home, Nathnagar, Bhagalpur, Bihar 812006, India",https://www.google.com/maps/place/HI+SPEED+ONLINE%2BBEAUTY+PLUS+STUDIO/data=!4m7!3m6!1s0x39f04b1f46036d7f:0x1b6e7be5410fb457!8m2!3d25.2391827!4d86.9304661!16s%2Fg%2F11fnbf5kqz!19sChIJf20DRh9L8DkRV7QPQeV7bhs?authuser=0&hl=en&rclk=1
"e Library with Cyber Cafe, M/s Prakash Enterprises",Bhagalpur,4.5,,+91 77177 05092,,Not Available,"Hanuman Path, 2nd Floor Sita Bhawan, Titain Eye Gali, Gali Tilkamanjhi, behind Second Wife Restaurant, Bhagalpur, Bihar 812001, India","https://www.google.com/maps/place/e+Library+with+Cyber+Cafe,+M%2Fs+Prakash+Enterprises/data=!4m7!3m6!1s0x39f037ca8901d6b7:0xfd1e0c5ac15f2d65!8m2!3d25.2539432!4d87.0029655!16s%2Fg%2F11wnn1bgj4!19sChIJt9YBico38DkRZS1fwVoMHv0?authuser=0&hl=en&rclk=1"
Meraj cafe @ Mobile,Bhagalpur,4.3,,+91 99557 05060,,Not Available,"Mayaganj Colony, Katahalbari, Khanjarpur, Bhagalpur, Bihar 812001, India",https://www.google.com/maps/place/Meraj+cafe+@+Mobile/data=!4m7!3m6!1s0x39f037821f2db5d1:0x3d86308858fc2fa8!8m2!3d25.2602907!4d86.9982185!16s%2Fg%2F11rgbm15w_!19sChIJ0bUtH4I38DkRqC_8WIgwhj0?authuser=0&hl=en&rclk=1
"CYBER CAFE, R K YADAV(DIGITAL CARE)",Bhagalpur,4.5,,+91 91225 15262,,Not Available,"ROAD, near MADHU GAS GODOWN, Jyoti Vihar Colony, Zero Mile, Bhagalpur, Bihar 813210, India","https://www.google.com/maps/place/CYBER+CAFE,+R+K+YADAV%28DIGITAL+CARE%29/data=!4m7!3m6!1s0x39f04988a3c32147:0x2349bc79c1558fef!8m2!3d25.2533383!4d87.0276848!16s%2Fg%2F11n0jbg971!19sChIJRyHDo4hJ8DkR749VwXm8SSM?authuser=0&hl=en&rclk=1"
S.B. DIGITAL POINT,Bhagalpur,5.0,,+91 97093 88370,,Not Available,"S.M College Rd, chooti, Khanjarpur, Bhagalpur, Bihar 812001, India",https://www.google.com/maps/place/S.B.+DIGITAL+POINT/data=!4m7!3m6!1s0x39f049142483686d:0xba988f94e8ad42b4!8m2!3d25.2604809!4d86.9911673!16s%2Fg%2F11sp4mlvk8!19sChIJbWiDJBRJ8DkRtEKt6JSPmLo?authuser=0&hl=en&rclk=1
Sri Laxmi Internet Cafe,Bhagalpur,4.4,,+91 84090 16525,,Not Available,"7232+Q8H, Khanpatti Market, Tilkamanjhi Chowk, Bihar 812001, India",https://www.google.com/maps/place/Sri+Laxmi+Internet+Cafe/data=!4m7!3m6!1s0x39f0361fc59486a7:0xdb4138dcc07cb650!8m2!3d25.2544486!4d87.0008643!16s%2Fg%2F11cn5stn8s!19sChIJp4aUxR828DkRULZ8wNw4Qds?authuser=0&hl=en&rclk=1
DIGITAL SEVA KENDRA (CSC CENTRE),Bhagalpur,5.0,,+91 72568 02508,,Not Available,"Station Chowk,Sabour Panchmukhi Hanuman Mandir, Bhagalpur, Bihar 813210, India",https://www.google.com/maps/place/DIGITAL+SEVA+KENDRA+%28CSC+CENTRE%29/data=!4m7!3m6!1s0x39f04818ffffffff:0x8738ac26836fdba3!8m2!3d25.2385158!4d87.0478293!16s%2Fg%2F11f50sq39r!19sChIJ_____xhI8DkRo9tvgyasOIc?authuser=0&hl=en&rclk=1
OZAIR INTERNET CAFE,Bhagalpur,5.0,,+91 73499 68043,,Not Available,"6WPW+P8M, 812006, Kabirpur, Bhagalpur, Bihar 812006, India",https://www.google.com/maps/place/OZAIR+INTERNET+CAFE/data=!4m7!3m6!1s0x39f04b57fa8cd4f7:0xc483bcd30f8ac83!8m2!3d25.2370259!4d86.9458971!16s%2Fg%2F11lkgnkvhh!19sChIJ99SM-ldL8DkRg6z4MM07SAw?authuser=0&hl=en&rclk=1
D & G Internet Cafe,Bhagalpur,3.7,,+91 81027 97947,,Not Available,"RBSS Sahay Rd, Kalabganj, Mirjan Chock, Bhagalpur, Bihar 812005, India",https://www.google.com/maps/place/D+%26+G+Internet+Cafe/data=!4m7!3m6!1s0x39f04a1d907b6b4b:0xa4eda8cd81403c04!8m2!3d25.2374713!4d86.9816713!16s%2Fg%2F11gb3qsxqx!19sChIJS2t7kB1K8DkRBDxAgc2o7aQ?authuser=0&hl=en&rclk=1
Sharik Internet Cafe,Bhagalpur,5.0,,+91 97097 33305,,Not Available,"GHANTAGHAR, Chandralok complex, Adampur, Bhagalpur, Bihar 812001, India",https://www.google.com/maps/place/Sharik+Internet+Cafe/data=!4m7!3m6!1s0x39f04b003d56af07:0x9e1c7e7cc922d825!8m2!3d25.2498963!4d86.9821747!16s%2Fg%2F11y49j0hd3!19sChIJB69WPQBL8DkRJdgiyXx-HJ4?authuser=0&hl=en&rclk=1
Dynamic Creative,Bhagalpur,4.1,,+91 78707 17111,,Not Available,", near Irrigation Guest House, Bhagalpur, Bihar 812001, India",https://www.google.com/maps/place/Dynamic+Creative/data=!4m7!3m6!1s0x39f049df56a1495f:0x911028703ff5728b!8m2!3d25.2533121!4d87.0071638!16s%2Fg%2F11c7vrpsf6!19sChIJX0mhVt9J8DkRi3L1P3AoEJE?authuser=0&hl=en&rclk=1
Vikash Telecom(Abhishek Rana),Bhagalpur,4.4,,+91 91532 85603,,Not Available,"6WRQ+RV9, Nathnagar, Bhagalpur, Bihar 812004, India",https://www.google.com/maps/place/Vikash+Telecom%28Abhishek+Rana%29/data=!4m7!3m6!1s0x39f04a864a564c87:0xf612697a5644b804!8m2!3d25.2420265!4d86.9397212!16s%2Fg%2F11gfk114s7!19sChIJh0xWSoZK8DkRBLhEVnppEvY?authuser=0&hl=en&rclk=1
ALINA COMPUTER ONLINE SOLUTION,Bhagalpur,4.4,,+91 87898 53098,,https://wifialina.blogspot.com/2020/01/alina-computer.html,"Parbatti, near Shankar Gass Office, Tatarpur, Bhagalpur, Bihar 812002, India",https://www.google.com/maps/place/ALINA+COMPUTER+ONLINE+SOLUTION/data=!4m7!3m6!1s0x39f04a727ea18a9d:0xbfb3a7ca15555a20!8m2!3d25.2411401!4d86.9597604!16s%2Fg%2F11hbc48z3b!19sChIJnYqhfnJK8DkRIFpVFcqns78?authuser=0&hl=en&rclk=1
CSC Ideal Internet Cafe,Bhagalpur,5.0,,Not Available,,Not Available,"62W2+HM5, Barahpura Utter Tola Rd, Choti Masjid Rd, near Hatia Road, Bhagalpur, Bihar 812001, India",https://www.google.com/maps/place/CSC+Ideal+Internet+Cafe/data=!4m7!3m6!1s0x39f049006e1317af:0xfe6c36ecf90b182c!8m2!3d25.2463827!4d87.0018315!16s%2Fg%2F11yptqj5jc!19sChIJrxcTbgBJ8DkRLBgL-ew2bP4?authuser=0&hl=en&rclk=1
INDRA ONLINE CENTER,Bhagalpur,4.8,,+91 88253 08657,,https://www.blogger.com/blogger.g?blogID=6285874885349018561&useLegacyBlogger=true#allposts,"Sabour Rd, Bhagalpur, Bihar 813210, India",https://www.google.com/maps/place/INDRA+ONLINE+CENTER/data=!4m7!3m6!1s0x39f049e8d301094d:0x890f5ac8b9466573!8m2!3d25.2409098!4d87.0458134!16s%2Fg%2F11jfpjh6fs!19sChIJTQkB0-hJ8DkRc2VGuchaD4k?authuser=0&hl=en&rclk=1
Rohit Digital Studio Internet Cafe,Bhagalpur,,,Not Available,,Not Available,"Gourachouki, Amarpur Rd, Bhagalpur, Naya Chak, Bihar 812005, India",https://www.google.com/maps/place/Rohit+Digital+Studio+Internet+Cafe/data=!4m7!3m6!1s0x39f04b0025f86ba3:0x994c713ad070042d!8m2!3d25.1911798!4d86.9548071!16s%2Fg%2F11z10c7v6s!19sChIJo2v4JQBL8DkRLQRw0DpxTJk?authuser=0&hl=en&rclk=1
CHOUDHARY INTERNET SOLUTION,Bhagalpur,5.0,,+91 75495 89632,,http://moderncomputer.org/,"Kali mandir, Tmb University road, Lal bagh gate, near Sarai, Bhagalpur, Bihar 812002, India",https://www.google.com/maps/place/CHOUDHARY+INTERNET+SOLUTION/data=!4m7!3m6!1s0x39f04bf09a453541:0xa7f53922ef010b57!8m2!3d25.2482642!4d86.9639774!16s%2Fg%2F11k9f2b8yf!19sChIJQTVFmvBL8DkRVwsB7yI59ac?authuser=0&hl=en&rclk=1
Shree Raghunath Internet Cafe,Bhagalpur,5.0,,+91 85389 90617,,Not Available,"Internet Cafe, Front Of Sbi, Bounsi Rd, Tilkamanjhi, Bhagalpur, Bihar 812001, India",https://www.google.com/maps/place/Shree+Raghunath+Internet+Cafe/data=!4m7!3m6!1s0x39f04bf10c7fa079:0x4b25e464e3086ee4!8m2!3d25.2355358!4d86.9738644!16s%2Fg%2F11lt9y_nt7!19sChIJeaB_DPFL8DkR5G4I42TkJUs?authuser=0&hl=en&rclk=1
Future Graphics,Bhagalpur,5.0,,+91 62995 53435,,https://www.instagram.com/futuregraphicsbgp?igsh=aTA4amlydHR6OHhs,"Kamal Nagar colony, Mirjanhat Rd, Mirjanhat, Bhagalpur, Bihar 812005, India",https://www.google.com/maps/place/Future+Graphics/data=!4m7!3m6!1s0x39f04b9111f4c3c9:0x5cda020ff5019a08!8m2!3d25.2298417!4d86.9812274!16s%2Fg%2F11ymp7tkhh!19sChIJycP0EZFL8DkRCJoB9Q8C2lw?authuser=0&hl=en&rclk=1
Surbhi Digital Cafe 2,Bhagalpur,,,Not Available,,Not Available,"Baijani Rd, Baijani, Bihar 812005, India",https://www.google.com/maps/place/Surbhi+Digital+Cafe+2/data=!4m7!3m6!1s0x39f04b0441ea10bd:0xc5e973aa4799761e!8m2!3d25.1830779!4d86.9693999!16s%2Fg%2F11h0_pszmt!19sChIJvRDqQQRL8DkRHnaZR6pz6cU?authuser=0&hl=en&r
